{"p_err": [0.02, 0.04, 0.06, 0.08, 0.1, 0.12000000000000001, 0.13999999999999999, 0.16, 0.18, 0.19999999999999998], "logical_err": [0.0002, 0.0044, 0.0165, 0.0413, 0.0765, 0.1252, 0.1995, 0.2722, 0.3426, 0.4103]}
