{"p_err": [0.02, 0.04, 0.06, 0.08, 0.1, 0.12000000000000001, 0.13999999999999999, 0.16, 0.18, 0.19999999999999998], "logical_err": [0.0009, 0.009, 0.0245, 0.0547, 0.093, 0.1426, 0.1959, 0.2541, 0.315, 0.3631]}
