{"p_err": [0.02, 0.04, 0.06, 0.08, 0.1, 0.12000000000000001, 0.13999999999999999, 0.16, 0.18, 0.19999999999999998], "logical_err": [0.0059, 0.0228, 0.0485, 0.0777, 0.1099, 0.1545, 0.1948, 0.2419, 0.276, 0.3187]}
