{"p_err": [0.02, 0.04, 0.06, 0.08, 0.1, 0.12000000000000001, 0.13999999999999999, 0.16, 0.18, 0.19999999999999998], "logical_err": [0.0, 0.01, 0.0, 0.02, 0.05, 0.15, 0.13, 0.26, 0.34, 0.51]}
